Model,Accuracy,Macro Precision,Macro Recall,Macro F1
DistilBERT,0.8971769848844011,0.8734068277690294,0.8566394100041108,0.8646581851178745
