Model,Accuracy,Macro Precision,Macro Recall,Macro F1
GRU,0.8837237939845458,0.8470253856360358,0.8516409527241496,0.8490669008265614
