Model,Accuracy,Macro Precision,Macro Recall,Macro F1
LSTM,0.8820921712895976,0.8455765672123114,0.8488036911364837,0.8469112229173656
