,precision,recall,f1-score,support
credit_card,0.8241435562805873,0.8114359139094122,0.817740369051473,3113.0
credit_reporting,0.9250239795374614,0.9519605154921854,0.9382989648928407,18235.0
debt_collection,0.8437428506062686,0.7965442764578834,0.8194645039440063,4630.0
mortgages_and_loans,0.8851123595505618,0.8296471827277514,0.856482739874966,3798.0
retail_banking,0.8890113928702683,0.893609161433321,0.8913043478260869,2707.0
accuracy,0.8971769848844011,0.8971769848844011,0.8971769848844011,0.8971769848844011
macro avg,0.8734068277690294,0.8566394100041108,0.8646581851178745,32483.0
weighted avg,0.89610291961786,0.8971769848844011,0.8963245501508259,32483.0
