Model,Accuracy,Macro Precision,Macro Recall,Macro F1
SimpleRNN,0.7610750238586338,0.6026938860083132,0.6365983443065566,0.5918220578863428
